<?xml version="1.0" encoding="UTF-8"?>
<beans  
    xmlns="http://www.springframework.org/schema/beans"  
    xmlns:xsi="http://www.w3.org/2001/XMLSchema-instance"  
    xmlns:p="http://www.springframework.org/schema/p"  
    xsi:schemaLocation="http://www.springframework.org/schema/beans  
       http://www.springframework.org/schema/beans/spring-beans-3.0.xsd">  
  
    <!-- Load properties file -->
    <bean class="org.springframework.beans.factory.config.PropertyPlaceholderConfigurer">
        <property name="location" value="classpath:discounts.properties"/>
    </bean>

    <bean id="battery" class="com.mph.pojo.Battery">
        <constructor-arg value="B001"/>
        <constructor-arg value="AA Battery"/>
        <constructor-arg value="2.5"/>
        <constructor-arg value="true"/>
        <constructor-arg value="${specialCustomerDiscount}"/> <!-- injected discount -->
    </bean>

    <bean id="disc" class="com.mph.pojo.Disc">
        <constructor-arg value="D001"/>
        <constructor-arg value="DVD Disc"/>
        <constructor-arg value="1.5"/>
        <constructor-arg value="700"/>
        <constructor-arg value="${summerDiscount}"/> <!-- injected discount -->
    </bean>

    <!-- Shopping cart bean prototype -->
    <bean id="shoppingCart" class="com.mph.pojo.ShoppingCart" scope="prototype"/>
</beans>
