<?xml version="1.0" encoding="UTF-8"?>
<beans  
    xmlns="http://www.springframework.org/schema/beans"  
    xmlns:xsi="http://www.w3.org/2001/XMLSchema-instance"  
    xmlns:p="http://www.springframework.org/schema/p"  
    xsi:schemaLocation="http://www.springframework.org/schema/beans  
       http://www.springframework.org/schema/beans/spring-beans-3.0.xsd">  
  <bean id="battery" class="com.mph.pojo.Battery">
<property name="productId" value="B001"></property>
<property name="productName" value="AA Battery"></property>
<property name="price" value="2.5"></property>
<property name="rechargable" value="true"></property>
</bean>

<bean id="disc" class="com.mph.pojo.Disc">
<property name="productId" value="D001"></property>
<property name="productName" value="DVD Disc"></property>
<property name="price" value="1.5"></property>
<property name="capacity" value="700"></property>
</bean>

</beans>